{"_timestamp":1.7610468513817294e+09,"_step":57,"loss":0.48418810963630676,"_wandb":{"runtime":0},"_runtime":0.2105811,"reward_mean":206.875,"reward_bound":219}