{"reward_mean":201,"reward_bound":233.5,"_wandb":{"runtime":0},"_runtime":0.3200674,"_timestamp":1.7604532559976387e+09,"_step":31,"loss":0.5493922233581543}