{"_runtime":0.3635574,"_step":27,"loss":0.5542702078819275,"reward_mean":220.1875,"reward_bound":264.5,"_timestamp":1.760453148059488e+09,"_wandb":{"runtime":0}}