{"_timestamp":1.760453323866446e+09,"_step":52,"loss":0.4802602231502533,"reward_mean":215.3125,"reward_bound":234.5,"_wandb":{"runtime":0},"_runtime":0.8018997}