{"_step":37,"_wandb":{"runtime":0},"_runtime":0.2682277,"loss":0.4921157658100128,"reward_mean":251.6875,"reward_bound":278.5,"_timestamp":1.7618296009533179e+09}